{
    "Social Gain": 1.007650319,
    "Worsening": -1.7261141,
    "Improving": 0.258245277,
    "Social Loss": 0.7730646814,
    "Social Better": -0.1251083934,
    "Social Worse": -1.154453186,
    "Social Approach": 1.086765623,
    "Goal Gain": 1.007650319,
    "Goal Approach": 1.086765623,
    "Goal Loss": 0.7730646814,
    "Goal Worse": -1.154453186
}